{
  "prepare_queue": {
    "installed": [],
    "uninstalled": []
  },
  "config_munge": {
    "files": {
      "res/xml/config.xml": {
        "parents": {
          "/*": [
            {
              "xml": "<feature name=\"CameraPreview\"><param name=\"android-package\" value=\"com.cordovaplugincamerapreview.CameraPreview\" /><param name=\"onload\" value=\"true\" /></feature>",
              "count": 1
            }
          ]
        }
      },
      "AndroidManifest.xml": {
        "parents": {
          "/manifest": [
            {
              "xml": "<uses-feature android:name=\"android.hardware.camera\" android:required=\"false\" />",
              "count": 1
            },
            {
              "xml": "<uses-feature android:name=\"android.hardware.camera.autofocus\" android:required=\"false\" />",
              "count": 1
            },
            {
              "xml": "<uses-permission android:name=\"android.permission.CAMERA\" />",
              "count": 1
            },
            {
              "xml": "<uses-permission android:name=\"android.permission.RECORD_AUDIO\" />",
              "count": 1
            },
            {
              "xml": "<uses-permission android:name=\"android.permission.WRITE_EXTERNAL_STORAGE\" />",
              "count": 1
            }
          ],
          "/manifest/application": [
            {
              "xml": "<activity android:name=\"com.cordovaplugincamerapreview.CameraActivity\" android:screenOrientation=\"portrait\" android:theme=\"@style/CameraPreviewTheme\" />",
              "count": 1
            }
          ]
        }
      }
    }
  },
  "installed_plugins": {
    "cordova-plugin-camera-preview": {
      "PACKAGE_NAME": "com.cordovaplugincamerapreview.sampleapp"
    }
  },
  "dependent_plugins": {},
  "modules": [
    {
      "id": "cordova-plugin-camera-preview.CameraPreview",
      "file": "plugins/cordova-plugin-camera-preview/www/CameraPreview.js",
      "pluginId": "cordova-plugin-camera-preview",
      "clobbers": [
        "CameraPreview"
      ]
    }
  ],
  "plugin_metadata": {
    "cordova-plugin-camera-preview": "0.12.3"
  }
}
