{
  "prepare_queue": {
    "installed": [],
    "uninstalled": []
  },
  "config_munge": {
    "files": {
      "config.xml": {
        "parents": {
          "/*": [
            {
              "xml": "<feature name=\"CameraPreview\"><param name=\"ios-package\" onload=\"true\" value=\"CameraPreview\" /></feature>",
              "count": 1
            }
          ]
        }
      }
    }
  },
  "installed_plugins": {
    "cordova-plugin-camera-preview": {
      "PACKAGE_NAME": "com.cordovaplugincamerapreview.sampleapp"
    }
  },
  "dependent_plugins": {},
  "modules": [
    {
      "id": "cordova-plugin-camera-preview.CameraPreview",
      "file": "plugins/cordova-plugin-camera-preview/www/CameraPreview.js",
      "pluginId": "cordova-plugin-camera-preview",
      "clobbers": [
        "CameraPreview"
      ]
    }
  ],
  "plugin_metadata": {
    "cordova-plugin-camera-preview": "0.12.3"
  }
}
